id_review,name,review,rate
0.0,Supardan bekasi,"Beli 3 buah, semua tidak ada yang keluar strum, alias mati semua.",1
1.0,saipul saipul,Barang busuk dijual...ga berfungsi,1
2.0,Faizin Arif,"Saya turunin ratingnya, karena setelah saya coba buat ngecas trnyata pengisiannya lama bgt bisa sampai satu hr lebih baru penuh, seperti tegangan 0,000003 Ampere, dan kabelnya juga gak bsa d pakai sama sekali
Kacau kali",1
3.0,robby w,kondisi mati gak bs utk cas dsb,1
4.0,sofa rohmani,respon lama,1
5.0,proyek_bdg,seller parahh . Nyesel belanja di tempat ini,1
6.0,F***n,murah tapi sayang rusak gak bisa dipakao charge,1
7.0,devi setiawan,Baru sekali pake lgsung koid kualitas,1
8.0,Ricky Ramdhanie,"harga kualitas fungsi JELEK 
baru nyoba buat contoh tadinya ,pertama kali saja sudah dikasih Barang RUSAK,maksudnya apa saya jg gk ngerti. untung saya gk pesan banyak sekaligus kemarin .Sangat tidak profesional",1
9.0,d***i,Barang jelek masa baru 1menit udh bunyi meledak trs ga bs di buat ngecash lg,1
10.0,Ricky Ramdhanie,"harga kualitas fungsi JELEK 
baru nyoba buat contoh tadinya ,pertama kali saja sudah dikasih Barang RUSAK,maksudnya apa saya jg gk ngerti. untung saya gk pesan banyak sekaligus kemarin .Sangat tidak profesional",1
11.0,e***o,"kualitas fungsi batok charger tidak bisa di pakai alias mati ,begitu barang datang  produk gagal pakai harga murah",1
12.0,Leonard Yaslim,"Begitu dicolok langsung meledak, sangat membahayakan, kualitas buruk",1
13.0,f***2,"ane cukup tau ajalah...
Beli emg murah cm 4.400,,tp ya klo bisa sesuai deskripsi jd byk costumernya ,,masa ngecas kaga penuh¬≤ smaleman...
Tp ywdlah kualitas sesuai harga...",1
14.0,Angga Raksa,"harga murah makanya saya beli 4, namun kualitas barang jelek, berfungsi cuman 3 hari, produk langsung dikomplain sama pembeli, saya malu sama pembeli.",1
15.0,reza angriawan,tidak berfungsi. kualitas buruk. produk rusak,1
16.0,junaidi,seharusnya dicek dulu klo mau kirim.. saya beli bukan minta.. 1 barang cacad parah 1 barang lagi buat ngecas gak bisa kecewa bgt beli disini.,1
17.0,S***o,"Sumpah. Jangan beli. Busuk barangnya. Beli 2 gak ada yg nyala. Dikirim juga yg udh pecah 1 biji. Klo pecah delivery pasti ada pecahannya didalem bungkusnya, lah ini engga... 

Klo niat dagang jgn bgini bosqu

fungsi kualitas produk",1
18.0,Quick Buyer,Barang baru saya pakai 1 x kira2 ada 5 menit eh d coba lagi udah gas berfungsi lagi batoknya gak bisa ngisi baterai,1
19.0,TRI CELL,"beli lima, dua tdk berfungsi..sudah jelas tdk bs digunakan msh dikirim jg",1
20.0,e***o,"kualitas fungsi batok charger tidak bisa di pakai alias mati ,begitu barang datang  produk gagal pakai harga murah",1
21.0,Leonard Yaslim,"Begitu dicolok langsung meledak, sangat membahayakan, kualitas buruk",1
22.0,f***2,"ane cukup tau ajalah...
Beli emg murah cm 4.400,,tp ya klo bisa sesuai deskripsi jd byk costumernya ,,masa ngecas kaga penuh¬≤ smaleman...
Tp ywdlah kualitas sesuai harga...",1
23.0,Angga Raksa,"harga murah makanya saya beli 4, namun kualitas barang jelek, berfungsi cuman 3 hari, produk langsung dikomplain sama pembeli, saya malu sama pembeli.",1
24.0,reza angriawan,tidak berfungsi. kualitas buruk. produk rusak,1
25.0,junaidi,seharusnya dicek dulu klo mau kirim.. saya beli bukan minta.. 1 barang cacad parah 1 barang lagi buat ngecas gak bisa kecewa bgt beli disini.,1
26.0,hasan,"Barang tidak sesuai gambar bukan samsung,pengiriman lambat,baru 1hari pakai langsung mati..sangat kecewa",1
27.0,S***o,"Sumpah. Jangan beli. Busuk barangnya. Beli 2 gak ada yg nyala. Dikirim juga yg udh pecah 1 biji. Klo pecah delivery pasti ada pecahannya didalem bungkusnya, lah ini engga... 

Klo niat dagang jgn bgini bosqu

fungsi kualitas produk",1
28.0,Quick Buyer,Barang baru saya pakai 1 x kira2 ada 5 menit eh d coba lagi udah gas berfungsi lagi batoknya gak bisa ngisi baterai,1
29.0,Doerin Robb,Barang 3Pcs rusak..lubang kabel data rusak..,1
30.0,junaidi,seharusnya dicek dulu klo mau kirim.. saya beli bukan minta.. 1 barang cacad parah 1 barang lagi buat ngecas gak bisa kecewa bgt beli disini.,1
31.0,hasan,"Barang tidak sesuai gambar bukan samsung,pengiriman lambat,baru 1hari pakai langsung mati..sangat kecewa",1
32.0,S***o,"Sumpah. Jangan beli. Busuk barangnya. Beli 2 gak ada yg nyala. Dikirim juga yg udh pecah 1 biji. Klo pecah delivery pasti ada pecahannya didalem bungkusnya, lah ini engga... 

Klo niat dagang jgn bgini bosqu

fungsi kualitas produk",1
33.0,Quick Buyer,Barang baru saya pakai 1 x kira2 ada 5 menit eh d coba lagi udah gas berfungsi lagi batoknya gak bisa ngisi baterai,1
34.0,Doerin Robb,Barang 3Pcs rusak..lubang kabel data rusak..,1
35.0,TRI CELL,"beli lima, dua tdk berfungsi..sudah jelas tdk bs digunakan msh dikirim jg",1
36.0,Rawi Wie,"Pelayanan buruk,jumlah barang tidak sesuai dengan yg dipesan, tekor di ongkos kirim, tidak tanggap dan tidak respon dengan baik pada pelanggan",1
37.0,ono mobil mobilan,Pelayanan buruk,1
38.0,Siti Halimah,"Barang ruksak dijual, murah dan murahan, chat tidak di balas balas.. parah",1
39.0,Muhamad Indra,Barang tidak berfungsi dengan baik !,1
40.0,TRI CELL,"beli lima, dua tdk berfungsi..sudah jelas tdk bs digunakan msh dikirim jg",1
41.0,Rawi Wie,"Pelayanan buruk,jumlah barang tidak sesuai dengan yg dipesan, tekor di ongkos kirim, tidak tanggap dan tidak respon dengan baik pada pelanggan",1
42.0,ono mobil mobilan,Pelayanan buruk,1
43.0,Siti Halimah,"Barang ruksak dijual, murah dan murahan, chat tidak di balas balas.. parah",1
44.0,Muhamad Indra,Barang tidak berfungsi dengan baik !,1
45.0,sohibul,Mengecewakan,1
46.0,Demas hadi p,Barang rusak,1
47.0,A***n,"Barang ngga berfungsi lebih baik jangan di jual buang aja, beli 2 ngga ada yang fungsi maklum harga murah jadi ngga nyesek bgt, tapi saran saya jangan jual lagi bos kasian yang beli, terimakasih",1
48.0,Encep saepul,Batok  casanya jalan tpi  ga nambh2 btrenya gimana?,1
49.0,FUAD MGT,barang rusak tpi mo komplen males akh cukup tau ajh,1
50.0,sohibul,Mengecewakan,1
51.0,Demas hadi p,Barang rusak,1
52.0,A***n,"Barang ngga berfungsi lebih baik jangan di jual buang aja, beli 2 ngga ada yang fungsi maklum harga murah jadi ngga nyesek bgt, tapi saran saya jangan jual lagi bos kasian yang beli, terimakasih",1
53.0,Encep saepul,Batok  casanya jalan tpi  ga nambh2 btrenya gimana?,1
54.0,FUAD MGT,barang rusak tpi mo komplen males akh cukup tau ajh,1
55.0,entup,Barang ny kurang 3,1
56.0,winaryo,barang gak bisa di pakai,1
57.0,Eko Edi sumarno,Kurang bagus harga ekonomis,1
58.0,catur indra,kualitas fungsi produk,1
59.0,sigit ansila,Saya belum klik terima ko udah selesai pesen carger yg dateng mous,1
60.0,entup,Barang ny kurang 3,1
61.0,winaryo,barang gak bisa di pakai,1
62.0,Eko Edi sumarno,Kurang bagus harga ekonomis,1
63.0,catur indra,kualitas fungsi produk,1
64.0,sigit ansila,Saya belum klik terima ko udah selesai pesen carger yg dateng mous,1
65.0,Sunarto,Barang becah / rusak,1
66.0,elliyin,"Harga murah, cuma sekali charge aja,, rusak",1
67.0,andi,"Chargernya enteng banget. Sesuai sama harga.
D cas malah turuh, bukannya batrenya naik. :)",1
68.0,Budijanto Sugeng,"Harga murah sekali,kwalitas kurang,tegangan hidup,tapi hp tidak bisa ngecas ,ampere tidak sesuai .barang kurang bagus sesuai dengan harganya.trima kasih pelapak dan bukalapak.",1
69.0,Hermawan Susanto,"Lahhhh ini di pake charging kok malah brkurang batrenya. Emang sih connect, tp kok... ahhh sudah lah. Pokoknya barangnya gk brfungsi dgn baik. Kualitasnya payah. Harga murah yaaaa... produknya gini nih jadinya",1
70.0,Sunarto,Barang becah / rusak,1
71.0,elliyin,"Harga murah, cuma sekali charge aja,, rusak",1
72.0,andi,"Chargernya enteng banget. Sesuai sama harga.
D cas malah turuh, bukannya batrenya naik. :)",1
73.0,Budijanto Sugeng,"Harga murah sekali,kwalitas kurang,tegangan hidup,tapi hp tidak bisa ngecas ,ampere tidak sesuai .barang kurang bagus sesuai dengan harganya.trima kasih pelapak dan bukalapak.",1
74.0,Hermawan Susanto,"Lahhhh ini di pake charging kok malah brkurang batrenya. Emang sih connect, tp kok... ahhh sudah lah. Pokoknya barangnya gk brfungsi dgn baik. Kualitasnya payah. Harga murah yaaaa... produknya gini nih jadinya",1
75.0,Albert Sie,Tak bisa charge HP sampai penuh.,1
76.0,Irwan Suryana,harga murah produk sesuai pesanan kualitas kurang-baru di pakai 2 hari kalau nge charge lama penuhnya.,1
77.0,Tika,"Barang g jelas ..
Baru d gunakan chargernya langsung listrik konslete, untung g sampai kebakar ...",1
78.0,Grasindo shoop,Casanya gx ngisi,1
79.0,Muhammad warianto09,"Assalamualaikum...
mf tolong ya pak. yg 1 change nya rusak.., gimana apa di chancel..?",1
80.0,Albert Sie,Tak bisa charge HP sampai penuh.,1
81.0,Irwan Suryana,harga murah produk sesuai pesanan kualitas kurang-baru di pakai 2 hari kalau nge charge lama penuhnya.,1
82.0,Tika,"Barang g jelas ..
Baru d gunakan chargernya langsung listrik konslete, untung g sampai kebakar ...",1
83.0,Grasindo shoop,Casanya gx ngisi,1
84.0,Muhammad warianto09,"Assalamualaikum...
mf tolong ya pak. yg 1 change nya rusak.., gimana apa di chancel..?",1
85.0,Wisnu Nugroho,"Barang kayak tai...beli 2 ga ada yang beres..yg satu pas di coba bikin konslet yg satunya lagi socket yg ke usb ga bs masuk..üò°üò°..jadilah pelapak yg jujur!!!klo ga ganti aja dengan judul ""lapak untung untungan"" Klo barang bagus ya untung klo barang rusak ya buntung..kecewaaaaaaaa",1
86.0,Daffa olshop,Pengiriman cepat tapi sayang barang tidak bisa dipakai..bukanya ngecas malah daya batrai yg ada jadi berkurang,1
87.0,A***i,kurang,1
88.0,f***i,0.02 a,1
89.0,Ahmadzayadi Ady,tidak baguss ... ngisi  udh 2 jm ga bertambah sama sekali ... malah - 5%,1
90.0,Wisnu Nugroho,"Barang kayak tai...beli 2 ga ada yang beres..yg satu pas di coba bikin konslet yg satunya lagi socket yg ke usb ga bs masuk..üò°üò°..jadilah pelapak yg jujur!!!klo ga ganti aja dengan judul ""lapak untung untungan"" Klo barang bagus ya untung klo barang rusak ya buntung..kecewaaaaaaaa",1
91.0,Daffa olshop,Pengiriman cepat tapi sayang barang tidak bisa dipakai..bukanya ngecas malah daya batrai yg ada jadi berkurang,1
92.0,A***i,kurang,1
93.0,f***i,0.02 a,1
94.0,Ahmadzayadi Ady,tidak baguss ... ngisi  udh 2 jm ga bertambah sama sekali ... malah - 5%,1
95.0,Tohir Streed,Dasar kontool,1
96.0,lukman hisam dardiri,"Barang Gk Bisa Di Gunakan...
gk Keluar Tegangannya
tp Gpp Lah Harga Murah Minta Slamat..",1
97.0,Yusuf Supriadi,"Beli 2 dikirim satu
Baru pake 5 menit mati",1
98.0,Ngelaba,"Semua barang Bagus,  kecuali spesifikasi catok charger tidak 2a hanya 0,5a. Ok lah sesuai harga.",1
99.0,f***n,Nyesek banget bilang nya casan samsung 2a pas barang nyampe casan cina .. Bukan karna barang nya dan harga ga seberapa tapi hargai pembeli dong .jualan yg bener .,1
100.0,Tohir Streed,Dasar kontool,1
101.0,lukman hisam dardiri,"Barang Gk Bisa Di Gunakan...
gk Keluar Tegangannya
tp Gpp Lah Harga Murah Minta Slamat..",1
102.0,Yusuf Supriadi,"Beli 2 dikirim satu
Baru pake 5 menit mati",1
103.0,Ngelaba,"Semua barang Bagus,  kecuali spesifikasi catok charger tidak 2a hanya 0,5a. Ok lah sesuai harga.",1
104.0,f***n,Nyesek banget bilang nya casan samsung 2a pas barang nyampe casan cina .. Bukan karna barang nya dan harga ga seberapa tapi hargai pembeli dong .jualan yg bener .,1
105.0,muhamad guntur a.g,"Mohon maaf barang tidak berfungsi..
 Di chat cuma di baca doank..gada responnya..lebih baik jujur dengan apa adanya..",1
106.0,Wahyu Catur Saputra,"Barang lama 3 hari malah 4 hari,respon penjual tidak baik, pokoknya tidak memuaskan lah",1
107.0,ridlo pamungkas,Udah gonta ganti hp n kabel data tetep aja gak bisa nge-charge,1
108.0,Yusuf Setyawan,Tidak ada barang jd tidak bisa kasih ulasan,1
109.0,muhamad guntur a.g,"Mohon maaf barang tidak berfungsi..
 Di chat cuma di baca doank..gada responnya..lebih baik jujur dengan apa adanya..",1
110.0,Wahyu Catur Saputra,"Barang lama 3 hari malah 4 hari,respon penjual tidak baik, pokoknya tidak memuaskan lah",1
111.0,ridlo pamungkas,Udah gonta ganti hp n kabel data tetep aja gak bisa nge-charge,1
112.0,Yusuf Setyawan,Tidak ada barang jd tidak bisa kasih ulasan,1
113.0,Bydawie Smith,Kurang bagus,2
114.0,Ferri Hendrawan,TDK TERPAKAI KARENA BUKAN NGISI TAPI MALAH BERKURANG TERSEDOT TDK BERGUNA,2
115.0,Kokom Komariah Muryadi,Pas ditest langsung pada rusak... hadeuhh,2
116.0,Hendra Setiawan,"Pengiriman cepat.
Tapi sayang beli 4 rusak 1",2
117.0,Muhammad agung Rifai,"Ga berfungsi , dipake malah ngurangi batre",2
118.0,Chemonk,Di cas nya lama penuh nya,2
119.0,Rattno Rahman Dani,Kwalitas sesuai dengan harga nge cas 3 jam cuma ngisi 5% setelah ganti batok samsung yang ori 3 jam penuh,2
120.0,ozan,Batok nya kotor,2
121.0,Debino,Hanya butuh 3 hari pemakaian barang langsung rusak,2
122.0,Chemonk,Di cas nya lama penuh nya,2
123.0,Rattno Rahman Dani,Kwalitas sesuai dengan harga nge cas 3 jam cuma ngisi 5% setelah ganti batok samsung yang ori 3 jam penuh,2
124.0,ozan,Batok nya kotor,2
125.0,Debino,Hanya butuh 3 hari pemakaian barang langsung rusak,2
126.0,agustiawan,"Belum dicoba takut meledak haha
harga murah
kualitas sesuai harga
fungsi belum tau
produk mirip aslinya",3
127.0,M***a,"Insya'allah Tidak REJEK Item Na Y Sist BISMILLAH,OK...",3
128.0,Ori Raya,baru coba 1 meledak.jd ga berani coba yg 1 lg,3
129.0,Oky,"order 5 pcs, 1 yg tdk fungsi",3
130.0,kuswarji wijayanto,"bayar 7 bgtu paket ku buka cuma ada 3 pcs., terpaksa komplain minta uang sebagian kembali., yg pasti kapok beli lagi.,
mohon kedepannya untuk masalah paking disempurnakan.,",3
131.0,Nick ochi,"Saya beli headset 2 buah, dikirim cuma 1",3
132.0,ubay service,"cukup bagus buat barang harga segitumah,bisa pake",3
133.0,Fashion Yogya,"harga kualitas produk sesuai, untuk fungsi : saya beli 2, yg 1 mati",3
134.0,Yohanes Subandi,Lama ngecas nya,3
135.0,erlan purwanto,Beli 2 yang bisa dipakai cuma 1 yg satunya lagi tidak fungsi.,3
136.0,Nick ochi,"Saya beli headset 2 buah, dikirim cuma 1",3
137.0,ubay service,"cukup bagus buat barang harga segitumah,bisa pake",3
138.0,Fashion Yogya,"harga kualitas produk sesuai, untuk fungsi : saya beli 2, yg 1 mati",3
139.0,Yohanes Subandi,Lama ngecas nya,3
140.0,erlan purwanto,Beli 2 yang bisa dipakai cuma 1 yg satunya lagi tidak fungsi.,3
141.0,jeffri adi tri cahyono,kualitas lumayan bagus harga murah.terima kasih,3
142.0,Meilany Sarah,"Pengiriman cpt tp sayang charger gak bisa...strum sih masuk tp kl di pke ngecars gk bertambh baterai,y.
Ya sesuai harga lah",3
143.0,Sugeng Septiadi,baru dipakai sebentar udh mati chargernya begitu terus cuma bs cas 1 menit hahahahahaha ok sih harga murah ,3
144.0,Aldo Lisa,"Barang nya meledak waktu di colokin ke colokan, yah nasib beli brg murah",3
145.0,Singgih Pranoto,Tidak kuat buat charge bypass mifi mf 90,3
146.0,jeffri adi tri cahyono,kualitas lumayan bagus harga murah.terima kasih,3
147.0,Meilany Sarah,"Pengiriman cpt tp sayang charger gak bisa...strum sih masuk tp kl di pke ngecars gk bertambh baterai,y.
Ya sesuai harga lah",3
148.0,Sugeng Septiadi,baru dipakai sebentar udh mati chargernya begitu terus cuma bs cas 1 menit hahahahahaha ok sih harga murah ,3
149.0,Aldo Lisa,"Barang nya meledak waktu di colokin ke colokan, yah nasib beli brg murah",3
150.0,Singgih Pranoto,Tidak kuat buat charge bypass mifi mf 90,3
151.0,Agus MS,Yg satu kurang bgus colokan usbny gk bisa msuk,3
152.0,Farid Ariyanto,Ada Harga Ada Kualitas,3
153.0,Dargo Susilo,Lumayan,3
154.0,irla lenggana,Batok charger tidak berfungsi,3
155.0,Novi Fajriyanti,"Untuk harga segini, kualitas good dan sesuai deskripsi, dapat berfungsi sebagai mana mestinya.. semoga awet dan bermanfaat.",3
156.0,Agus MS,Yg satu kurang bgus colokan usbny gk bisa msuk,3
157.0,Farid Ariyanto,Ada Harga Ada Kualitas,3
158.0,Dargo Susilo,Lumayan,3
159.0,irla lenggana,Batok charger tidak berfungsi,3
160.0,Novi Fajriyanti,"Untuk harga segini, kualitas good dan sesuai deskripsi, dapat berfungsi sebagai mana mestinya.. semoga awet dan bermanfaat.",3
161.0,RIDWAN,"Pesen
 warna putih di kirim warna hitam...gpp dh",3
162.0,RIDWAN,"Pesen
 warna putih di kirim warna hitam...gpp dh",3
163.0,S***I,harga fungsi kualitas produk ok,4
164.0,H***a,harga kualitas fungsi produk oke,4
165.0,s***a,Barang pecah apa mungkin dari pengiriman,4
166.0,P***i,"Mantul ia
gudlak pokoe",4
167.0,Arry Agung,Batok charger sdh diterima dan dipakai.  Berfungsi baik.,4
168.0,Ali Y. Sutrisna,"Pesen 2pcs, request warna item & putih dtg mya putih smua. Tp bagus brg fungsi smua. Maknyos lah. Tks gan",4
169.0,Cioto Cotto,Barang bagus,4
170.0,Nanang Tanhari,beli 4 berfungsi semua... tapi ngecash semalaman nggk bisa penuh,4
171.0,Souvenir Almatsurat,"harga murah meriah
kualitas sesuai harga
beli 2, yg satu ok
yg satu lg koclak",4
172.0,Eko agus,Bagus,4
173.0,Ali Y. Sutrisna,"Pesen 2pcs, request warna item & putih dtg mya putih smua. Tp bagus brg fungsi smua. Maknyos lah. Tks gan",4
174.0,Cioto Cotto,Barang bagus,4
175.0,Nanang Tanhari,beli 4 berfungsi semua... tapi ngecash semalaman nggk bisa penuh,4
176.0,Souvenir Almatsurat,"harga murah meriah
kualitas sesuai harga
beli 2, yg satu ok
yg satu lg koclak",4
177.0,Eko agus,Bagus,4
178.0,Sobani,"Barang d sampe, oke, cuma paking kaya buntelan toge, tapi g pape, mksh ye.....",4
179.0,Bustami Giox Prayogo,"Cepet panas, & utk charge kabel modelC kadang nggak masuk/ nggak berfungsi",4
180.0,I***t,harga kualitas fungsi produk,4
181.0,Yanyan Sopian,"produk sesuai deskripsi, cuma blm dicoba kecepatan cargingnya",4
182.0,yayan handayani,harga kualitas fungsi,4
183.0,Sobani,"Barang d sampe, oke, cuma paking kaya buntelan toge, tapi g pape, mksh ye.....",4
184.0,Bustami Giox Prayogo,"Cepet panas, & utk charge kabel modelC kadang nggak masuk/ nggak berfungsi",4
185.0,I***t,harga kualitas fungsi produk,4
186.0,Yanyan Sopian,"produk sesuai deskripsi, cuma blm dicoba kecepatan cargingnya",4
187.0,yayan handayani,harga kualitas fungsi,4
188.0,A***t,Semoga awet,4
189.0,triyanto,blm dicbain soaly mw djual lgi,4
190.0,dedekkasori,Bagus dan berfungsi,4
191.0,Bahri Ersa,harga kualitas sesuai,4
192.0,khusnul yazid,"batoknya udah di cek semua pake ampere meter android, yg 4 di bawah 500ma yg satu 0ma. kalo 2A seharusnya sih di ampere meternya 2000ma. yaaa  harga  sebanding sama kualitas.",4
193.0,A***e,"Sdh terima, mantull gan",5
194.0,T***N,"harga kualitas fungsi produk sesuai pesanan.
Terima kasih",5
195.0,T***a,Sip,5
196.0,S***f,fungsi harga kualitas produk,5
197.0,a***n,bagus .pengiriman juga cepat.sesuai gambar.,5
198.0,B***s,Beli 4 pcs ....1 pcs mati / tdk berfungsi ....ada harga ada rupa ....,5
199.0,eded rosadi,Barang bagus sesuai spesifikasi dan kebutuhan,5
200.0,mashan deritano,Bagus... puas banget...,5
201.0,Robins,Mantappppppp. kualitas kerennn,5
202.0,yova herviansyah,harga kualitas fungsi,5
203.0,yova herviansyah,harga kualitas fungsi,5
204.0,Ramdan Ardiansyah,harga kualitas fungsi produk ok,5
205.0,erfina ferliyanti bukit,produk fungsi kualitas harga,5
206.0,haryanto,harga kualitas fungsi produk,5
207.0,dhany Syahputra,harga kualitas fungsi produk oke maknyos,5
208.0,Chrisna Dedy Putra,"Nyampe dengan selamat ... InsyaAllah mudah""an kualitas barangnya juga bagus. Soalnya juragan pelapaknya gak mau respon ketika dichat, chat saya udah bertumpuk k'pelapaknya, tp tetap gak mau direspon!",5
209.0,Noor Tjahjo Dirgantoro,"Barang ok, smoga awet. trim's",5
210.0,sartono,harga produk,5
211.0,Antok Gondrong,istimewa berfungsi dgn baik,5
212.0,sabarwahyudin,harga kualitas fungsi produk,5
213.0,erfina ferliyanti bukit,produk fungsi kualitas harga,5
214.0,dwi sujadi,Barang sesuai pesanan...harga kualitas fungsi,5
215.0,Chrisna Dedy Putra,"Nyampe dengan selamat ... InsyaAllah mudah""an kualitas barangnya juga bagus. Soalnya juragan pelapaknya gak mau respon ketika dichat, chat saya udah bertumpuk k'pelapaknya, tp tetap gak mau direspon!",5
216.0,Noor Tjahjo Dirgantoro,"Barang ok, smoga awet. trim's",5
217.0,Antok Gondrong,istimewa berfungsi dgn baik,5
218.0,syaifullah,fungsi and yes,5
219.0,a***i,harga fungsi produk,5
220.0,Agus Setiyawan Widodo,harga kualitas fungsi produk berfungsi dengan baik,5
221.0,Udih Rudiansah,baru sampe semoga produk kualitas nya bagus fungsi dengan baik dan harga nya murah,5
222.0,Rahmat Rahadi,"harga murah dan kualitas bagus
fungsi produk  oke
cepat sekali kirimnya 
sempurna üòç",5
223.0,dwi sujadi,Barang sesuai pesanan...harga kualitas fungsi,5
224.0,Chrisna Dedy Putra,"Nyampe dengan selamat ... InsyaAllah mudah""an kualitas barangnya juga bagus. Soalnya juragan pelapaknya gak mau respon ketika dichat, chat saya udah bertumpuk k'pelapaknya, tp tetap gak mau direspon!",5
225.0,Noor Tjahjo Dirgantoro,"Barang ok, smoga awet. trim's",5
226.0,sartono,harga produk,5
227.0,Antok Gondrong,istimewa berfungsi dgn baik,5
228.0,sabarwahyudin,harga kualitas fungsi produk,5
229.0,syaifullah,fungsi and yes,5
230.0,I***h,harga kualitas fungsi produk,5
231.0,a***i,harga fungsi produk,5
232.0,Agus Setiyawan Widodo,harga kualitas fungsi produk berfungsi dengan baik,5
233.0,arif purwadi,"Udah nyampe boss, makasih deh dites juga oke...semoga awet",5
234.0,eko wahyudi,yes pokok nya bukalapak jos,5
235.0,Ridwan Sidiq Sr.,harga kualitas fungsi produk,5
236.0,Abu Zarkani,harga kualitas produk ok,5
237.0,N***k,"Test fungsi ok, sesuai deskripsi. Tengkyu",5
238.0,Aliu,barang sdh sy terima dengan baik,5
239.0,santojaya,sesuai sama hargany,5
240.0,Yoan D Rahmanto,harga kualitas fungsi produk,5
241.0,Arie Rahmadiansyah,harga kualitas fungsi produk,5
242.0,Kalian Suardi,Sip,5
243.0,muhamad riansah,"Barang udah nyampe, tpi belum di coba smoga berfungsi semua dan awet",5
244.0,Udih Rudiansah,baru sampe semoga produk kualitas nya bagus fungsi dengan baik dan harga nya murah,5
245.0,Rahmat Rahadi,"harga murah dan kualitas bagus
fungsi produk  oke
cepat sekali kirimnya 
sempurna üòç",5
246.0,Arieadly,harga kualitas fungsi produk,5
247.0,M***a,Barang bagus harga berkualitas mantap lah pokonya  sangat rekomendet,5
248.0,Hendra Yatno,Lanjutkan dan pertahankan,5
249.0,rudi yansyah,kualitas fungsi harga produk,5
250.0,arif purwadi,"Udah nyampe boss, makasih deh dites juga oke...semoga awet",5
251.0,Mas Timen87,Bagus,5
252.0,L***a,Good..murah dan bagus,5
253.0,arif purwadi,"Udah nyampe boss, makasih deh dites juga oke...semoga awet",5
254.0,L***a,Good..murah dan bagus,5
255.0,indra radisepta,"fungsi normal,harga murah,kualitas  semoga awet",5
256.0,eko wahyudi,yes pokok nya bukalapak jos,5
257.0,Ridwan Sidiq Sr.,harga kualitas fungsi produk,5
258.0,Abu Zarkani,harga kualitas produk ok,5
259.0,N***k,"Test fungsi ok, sesuai deskripsi. Tengkyu",5
260.0,Aliu,barang sdh sy terima dengan baik,5
261.0,santojaya,sesuai sama hargany,5
262.0,Yoan D Rahmanto,harga kualitas fungsi produk,5
263.0,Muhamad Catur Pamungkas,Lumayan dengan harga segini,5
264.0,made andrianto,fungsi kualitas harga good,5
265.0,mochamad syarif,harga murah respon cepat,5
266.0,Iis isnawati,Saya suka terima kash üòäüòä,5
267.0,Etin Supiatin,harga kualitas,5
268.0,A Budi Cahyono,Harga kualitas fungsi produk ok,5
269.0,kosmas ngarso,"Cocok untuk power supply, kurang baik untuk charger.",5
270.0,Maman Emen,fungsi,5
271.0,Dena Erlinawati,"berfungsi dgn baik, harga juga murah.. maksih",5
272.0,Buyung Kartika Alam,Ampere OK,5
273.0,Aliu,barang sdh sy terima dengan baik,5
274.0,santojaya,sesuai sama hargany,5
275.0,Yoan D Rahmanto,harga kualitas fungsi produk,5
276.0,Arie Rahmadiansyah,harga kualitas fungsi produk,5
277.0,Kalian Suardi,Sip,5
278.0,agit deni kurniawan,harga kualitas ok,5
279.0,Sinici Prio,harga murah kualitas tidak murahan,5
280.0,samsiana,bintang yg bicara,5
281.0,Komang Yartama,Harga  kualitas  fungsi  produk,5
282.0,Danish Store,Ga fungsi charger nya... kualitas sesuai harga lah..,5
283.0,kosmas ngarso,"Cocok untuk power supply, kurang baik untuk charger.",5
284.0,gatot adi susanto,Barang murah dan bagus .....dapat digunakan dengan baik,5
285.0,A. Darami,"cepat sampai, sesuai pesanan",5
286.0,Senja Diana Rosai,harga fungsi produk kualitas,5
287.0,Buyung Kartika Alam,Ampere OK,5
288.0,Fahrudin,Barang sudah diterima sesuai dengan pesanan,5
289.0,khasanul maarif,harga fungsi kualitas,5
290.0,f***h,harga kualitas fungsi produk,5
291.0,Bu Tong,kualitas masih segel dan berfungsi.,5
292.0,dini yustesia,harga kualitas fungsi produk,5
293.0,wahidabdullah,Beli 4 normal semua.trmksh bos,5
294.0,Yanuar Arifin,harga kualitas fungsi produk,5
295.0,D***n,"harga kualitas fungsi produk Mantap...
pengiriman super cepat",5
296.0,sudarsono,kualitas fungsi produk,5
297.0,junius99,Barang sdh sampai tq.,5
298.0,sujarmanto,Bagus,5
299.0,Mahdihakiki,Harga murah kualitas  produk sesuai fungsi nyq,5
300.0,Zhafran Syarief,Mantab,5
301.0,wagiyoko,Terjangkau,5
302.0,Januar Sutrisna,Mantul Coba Langsung Jos,5
303.0,Yadi23,kualitas produk fungsi harga,5
304.0,murlin,Udah ditrimah dgn baik,5
305.0,Bene Mabes,Respon cepat barang sesuai trims,5
306.0,Yoga Muhammad Dewantara,harga kualitas fungsi produk,5
307.0,S***O,"harga kualitas fungsi produk , sip barang murah fungsi normal semua, moga2 awet, cuma paking yg krg sip, g papa lah namanya juga harga murah sebanding",5
308.0,nurjaya,Ok,5
309.0,Saiful Ikram,"harga terjangkau, kualitas bagus dah ajib",5
310.0,C***n,Barang bagus banget,5
311.0,Ikbal Yantoro,harga kualitas fungsi produk berfungsi seperti adapter lainnya,5
312.0,n***n,harga kualitas fungsi produk,5
313.0,pupung a. gumilar,harga fungsi produk ok,5
314.0,fajar yudhistira,harga kualitas fungsi produk oke mantuuul,5
315.0,Muhamad Catur Pamungkas,Lumayan dengan harga segini,5
316.0,irwan andriyanto,harga kualitas fungsi produk,5
317.0,made andrianto,fungsi kualitas harga good,5
318.0,mochamad syarif,harga murah respon cepat,5
319.0,Iis isnawati,Saya suka terima kash üòäüòä,5
320.0,Etin Supiatin,harga kualitas,5
321.0,Heri Yanto,Barangnya lumayan tapi belum d test,5
322.0,A Budi Cahyono,Harga kualitas fungsi produk ok,5
323.0,mohamad soleh,semoga awet,5
324.0,nurjaya,Ok,5
325.0,Ikbal Yantoro,harga kualitas fungsi produk berfungsi seperti adapter lainnya,5
326.0,D***u,harga kualitas fungsi produk,5
327.0,Mbenk,harga kualitas fungsi produk,5
328.0,Carla m,"harga kualitas fungsi produk semua baik, puas",5
329.0,Teizo,harga/kualitas bagus,5
330.0,Muhamad Subron,Good job,5
331.0,Singgih Adhimantoro,Biarkan bintang yang berbicara,5
332.0,Taufik,sesuai dng Harga,5
333.0,Didins Syah,harga kualitas fungsi produk,5
334.0,Usep Saepudin,Bagus...,5
335.0,Nur Rohman,fungsi kualitas harga produk,5
336.0,daffa yazdan,sesuai deh pokok nya,5
337.0,hagni surendro,"Terima kasih gan, paket sudah terima dengan baik",5
338.0,hafid setiawan,"Cepat sampai nya barang sesuai pesanan, trims",5
339.0,Ratih Ayu Pratiwi,mantap 2ampere. sip .murah. tp brkualitas,5
340.0,imam,batok charger bagus sesuai dgn iklan,5
341.0,Quick Buyer,Barang sudah saya terima sesuai pesanan..terima kasih..semoga banyak order..,5
342.0,sigit hermawan,"Pengiriman cpt,Pokoknya mantap lah,",5
343.0,Senja Diana Rosai,harga fungsi produk kualitas,5
344.0,Buyung Kartika Alam,Ampere OK,5
345.0,indrayana,Harga murah berfungsi dengan baik,5
346.0,Fahrudin,Barang sudah diterima sesuai dengan pesanan,5
347.0,khasanul maarif,harga fungsi kualitas,5
348.0,f***h,harga kualitas fungsi produk,5
349.0,Bu Tong,kualitas masih segel dan berfungsi.,5
350.0,dini yustesia,harga kualitas fungsi produk,5
351.0,Gita Ayu Andini,Mantap,5
352.0,Z***a,"harga murah , kualitas oke , fungsi normal , produk recommended",5
353.0,Gita Ayu Andini,Mantap,5
354.0,Z***a,"harga murah , kualitas oke , fungsi normal , produk recommended",5
355.0,lafrinaldi,Alhamdulillah... All the best,5
356.0,fahmy baharuddin jabbaar,harga kualitas fungsi produk,5
357.0,alfiana,harga kualitas fungsi produk,5
358.0,Yadi23,kualitas produk fungsi harga,5
359.0,Deri permana,"Barang cepat sampai,barang bagus",5
360.0,murlin,Udah ditrimah dgn baik,5
361.0,Yuniar,harga kualitas fungsi,5
362.0,Bene Mabes,Respon cepat barang sesuai trims,5
363.0,Rasent,"Barang bagus, semoga awet smw barangnya...",5
364.0,Ratih Ayu Pratiwi,mantap 2ampere. sip .murah. tp brkualitas,5
365.0,ardiyanto,Lumayan untuk harga yg relatif murah,5
366.0,curut langu,"Biar bintang yg berbicara, keren deh pokoknya",5
367.0,IQBAL 94,Harga murah tp.lumayan juga kualitetnya,5
368.0,Kanda Saputra,Kiriman cepat sampai barang normal,5
369.0,sigit hermawan,"Pengiriman cpt,Pokoknya mantap lah,",5
370.0,Kanda Saputra,Kiriman cepat sampai barang normal,5
371.0,Quick Buyer,Barang sudah saya terima sesuai pesanan..terima kasih..semoga banyak order..,5
372.0,S***O,"harga kualitas fungsi produk , sip barang murah fungsi normal semua, moga2 awet, cuma paking yg krg sip, g papa lah namanya juga harga murah sebanding",5
373.0,nurjaya,Ok,5
374.0,Saiful Ikram,"harga terjangkau, kualitas bagus dah ajib",5
375.0,C***n,Barang bagus banget,5
376.0,Ikbal Yantoro,harga kualitas fungsi produk berfungsi seperti adapter lainnya,5
377.0,D***u,harga kualitas fungsi produk,5
378.0,Mbenk,harga kualitas fungsi produk,5
379.0,n***n,harga kualitas fungsi produk,5
380.0,Yudha hartono,Ok sip...,5
381.0,Carla m,"harga kualitas fungsi produk semua baik, puas",5
382.0,J***p,"harga kualitas fungsi produk oke,,,pelayanan pelapak ramah pengiriman lion parcel cepat pengirim juga ramah,,good pengiriman dan recomended seller,,top",5
383.0,Teizo,harga/kualitas bagus,5
384.0,Muhamad Subron,Good job,5
385.0,Dian,harga kualitas fungsi,5
386.0,akbar miladi,Mantap,5
387.0,Singgih Adhimantoro,Biarkan bintang yang berbicara,5
388.0,Taufik,sesuai dng Harga,5
389.0,Puput Olshop,"harga bersahabat
kualitas mantap
fungsi Ok dan sesuai dengan harapan
produk elektronik kereeeen dan inovatif....",5
390.0,Ahmad Raihan,Bagus kualitas,5
391.0,Diky Virmansyah,Mantaps,5
392.0,Nur Rohman,fungsi kualitas harga produk,5
393.0,daffa yazdan,sesuai deh pokok nya,5
394.0,hagni surendro,"Terima kasih gan, paket sudah terima dengan baik",5
395.0,wangad saefudin,"gile murah barang bagus,, 2a cepet buat cas... mantap..",5
396.0,Rasent,"Barang bagus, semoga awet smw barangnya...",5
397.0,hafid setiawan,"Cepat sampai nya barang sesuai pesanan, trims",5
398.0,Ratih Ayu Pratiwi,mantap 2ampere. sip .murah. tp brkualitas,5
399.0,ardiyanto,Lumayan untuk harga yg relatif murah,5
400.0,imam,batok charger bagus sesuai dgn iklan,5
401.0,curut langu,"Biar bintang yg berbicara, keren deh pokoknya",5
